idTitle,idCit
0,1
0,2
0,3
0,4
0,5
0,6
0,7
0,8
0,9
0,10
0,11
0,12
0,13
0,14
0,15
0,16
0,17
0,18
0,19
0,20
0,21
0,22
0,23
0,24
0,25
0,26
0,27
0,28
0,29
0,30
0,31
0,32
0,33
0,34
0,35
0,36
0,37
0,38
0,39
0,40
0,41
0,42
0,43
0,44
0,45
0,46
0,47
0,48
0,49
0,50
0,51
0,52
0,53
0,54
0,55
0,56
0,57
0,58
0,59
0,60
0,61
0,62
0,63
0,64
0,65
0,66
0,67
0,68
0,69
0,70
0,71
0,72
0,73
0,74
0,75
0,76
77,78
77,79
77,80
77,81
77,82
77,83
77,84
77,85
77,86
77,87
77,88
77,89
77,90
77,91
92,93
92,94
92,95
92,96
92,97
92,98
92,99
92,100
92,101
92,102
92,103
92,104
92,105
92,106
92,107
92,108
92,109
92,110
92,111
92,112
92,113
92,114
92,115
92,116
92,117
92,118
92,119
92,120
121,128
121,129
121,130
121,131
121,132
121,133
121,134
121,135
121,136
121,137
121,138
121,139
121,140
121,141
121,142
121,143
121,144
121,145
121,146
121,147
121,148
121,149
121,150
121,151
121,152
121,153
121,154
121,155
121,156
121,157
121,158
121,159
121,160
121,161
121,162
121,163
121,164
121,165
121,166
121,167
121,168
121,169
121,170
121,171
121,172
121,173
121,174
121,175
121,176
121,177
121,178
121,179
121,180
121,181
121,122
121,123
121,124
121,125
121,126
121,127
182,184
182,183
185,192
185,193
185,194
185,195
185,196
185,197
185,198
185,199
185,200
185,201
185,202
185,186
185,187
185,188
185,189
185,190
185,191
203,11
203,12
203,14
203,58
203,204
203,205
203,206
203,207
203,208
203,209
203,210
203,211
203,212
203,213
203,214
203,215
203,216
203,217
203,218
203,219
203,220
203,221
203,222
203,223
203,224
203,225
203,226
203,227
228,229
228,230
228,231
228,232
228,233
228,234
228,235
228,236
228,237
228,238
228,239
228,240
228,241
228,242
228,243
228,244
228,245
228,246
228,247
228,248
228,249
228,250
228,251
228,252
228,253
254,256
254,257
254,258
254,259
254,260
254,261
254,262
254,263
254,264
254,265
254,266
254,267
254,268
254,269
254,270
254,271
254,272
254,273
254,274
254,275
254,276
254,277
254,278
254,279
254,280
254,281
254,282
254,283
254,284
254,285
254,286
254,58
254,255
287,288
287,289
287,290
287,291
292,293
292,294
292,295
292,296
292,297
292,298
292,299
292,300
292,301
292,302
292,303
292,304
292,305
292,306
292,307
292,308
292,309
292,310
292,311
292,312
292,313
292,314
292,315
292,223
316,320
316,321
316,322
316,323
316,324
316,325
316,326
316,305
316,189
316,317
316,318
316,319
327,258
327,328
327,329
327,330
327,331
327,332
327,333
327,334
327,335
327,336
327,337
327,338
327,339
327,340
327,341
327,342
327,343
327,344
70,4
70,336
70,345
70,346
70,347
70,348
70,349
70,350
70,351
70,352
70,353
70,354
70,355
70,356
70,357
70,358
70,359
70,360
70,361
70,362
70,363
70,364
70,365
70,366
367,368
367,369
367,370
367,371
367,372
367,373
367,374
367,375
367,376
367,377
367,378
379,14
379,1561
379,41
379,52
379,53
379,567
379,58
379,71
379,2635
379,2636
379,2637
379,2638
379,2639
379,2640
379,2641
379,2642
379,2643
379,2644
379,2645
379,2646
379,2647
379,2648
379,2649
379,2650
379,2651
379,2652
379,2653
379,2654
379,2655
379,2656
379,2657
379,2658
379,2659
379,2660
379,2661
379,2662
379,2663
379,2154
379,2176
379,189
379,2244
379,204
379,211
379,257
379,4871
379,4872
379,4873
379,4874
379,4875
379,4876
379,781
379,782
379,270
379,4877
379,285
379,817
379,836
379,328
379,335
379,1364
379,4438
379,4439
379,856
379,857
379,858
379,859
379,860
379,861
379,862
379,863
379,864
379,865
379,380
379,381
379,382
379,383
379,384
379,385
379,386
379,387
379,388
379,389
379,390
379,391
379,392
379,393
379,394
379,395
379,396
379,397
379,398
379,399
379,400
379,401
379,402
379,403
379,404
379,405
379,406
379,407
379,408
379,409
379,410
379,411
379,412
379,413
379,414
379,415
379,416
379,417
379,418
379,1950
379,1986
379,1990
379,468
379,1506
379,1419
379,1626
419,384
419,420
419,421
419,346
419,383
436,53
436,14
436,285
436,286
436,303
436,434
436,51
436,52
436,437
436,438
436,439
436,440
436,441
436,442
436,58
436,444
436,443
436,60
436,447
436,448
436,445
436,446
436,63
436,449
436,450
436,451
436,71
436,452
436,453
436,454
436,70
436,455
436,456
436,457
436,458
436,459
436,460
436,461
436,462
436,363
463,388
463,270
463,464
463,465
463,466
463,467
463,468
463,469
463,470
463,471
463,285
463,189
472,384
472,480
472,481
472,482
472,483
472,484
472,485
472,486
472,434
472,189
472,473
472,474
472,475
472,476
472,477
472,478
472,479
487,488
487,489
487,490
487,491
487,492
487,493
487,494
487,495
487,496
487,497
487,498
487,499
487,500
487,501
502,3587
502,5125
502,3590
502,526
502,1433
502,4146
502,2100
502,4155
502,4671
502,4681
502,3155
502,4704
502,3173
502,3175
502,2154
502,1649
502,1662
502,3209
502,3763
502,1747
502,221
502,1777
502,3826
502,1778
502,257
502,258
502,1807
502,276
502,1355
502,1870
502,336
502,3409
502,2909
502,861
502,2399
502,384
502,1409
502,900
502,904
502,5521
502,5522
502,5523
502,5524
502,5525
502,5526
502,5527
502,5528
502,5529
502,5530
502,5531
502,5532
502,5533
502,5534
502,5535
502,5536
502,5537
502,5538
502,1443
502,5539
502,5540
502,5541
502,5542
502,5543
502,5544
502,5545
502,5546
502,5547
502,1453
502,5548
502,5549
502,5550
502,5551
502,5552
502,5553
502,5554
502,5555
502,5556
502,5557
502,5558
502,5559
502,5560
502,5561
502,5562
502,5563
502,5564
502,5565
502,5566
502,5567
502,5568
502,1987
502,5569
502,5570
502,5571
502,5572
502,5573
502,475
502,479
502,503
502,504
502,505
502,506
507,512
507,508
507,509
507,510
507,511
513,514
515,384
515,516
515,517
515,518
515,519
515,520
515,521
515,522
515,523
515,524
515,525
515,526
515,527
515,270
515,528
515,529
515,530
515,276
515,531
515,532
515,485
533,534
533,535
533,536
533,537
533,538
533,539
533,540
533,541
533,542
533,543
533,544
533,545
533,546
533,547
533,548
533,549
533,550
533,551
533,552
533,553
554,384
554,388
554,555
554,556
554,557
554,558
554,559
554,560
554,561
554,562
554,563
554,564
554,565
554,566
554,567
554,568
554,569
554,570
554,571
554,572
554,573
554,574
554,575
554,576
554,577
578,520
578,579
578,580
578,581
578,582
578,583
578,584
578,585
578,586
578,587
578,588
578,589
578,590
578,591
578,592
578,593
578,594
578,595
578,596
578,597
578,598
578,599
578,600
578,601
578,602
578,603
578,604
578,605
578,606
578,607
578,608
578,609
578,610
578,611
578,612
578,613
578,614
578,615
578,616
578,617
578,618
578,619
578,620
578,621
578,622
578,623
578,624
578,625
578,626
578,627
578,628
578,629
578,630
578,631
578,632
578,633
578,634
578,635
578,636
578,637
638,384
638,640
638,641
638,483
638,484
638,485
638,642
638,479
638,434
638,381
638,473
638,474
638,475
638,476
638,477
638,478
638,639
643,384
643,644
643,645
643,646
643,647
643,648
643,649
643,650
643,651
643,652
643,653
643,654
643,655
643,656
643,657
643,658
643,659
643,660
643,661
643,662
643,663
643,664
643,665
643,666
643,667
643,668
643,669
643,670
643,671
643,672
673,674
673,675
673,676
673,677
673,270
678,679
678,680
678,681
678,682
678,683
678,684
678,685
678,686
678,687
678,688
678,689
678,690
678,691
678,692
678,693
678,694
678,695
678,696
678,697
678,698
678,699
678,700
678,701
678,702
678,703
678,704
678,705
678,706
678,707
678,708
678,709
678,710
678,711
678,712
678,329
678,713
678,714
678,715
678,716
678,717
678,718
678,719
678,720
678,721
678,722
678,723
678,724
678,725
726,736
726,737
726,738
726,739
726,740
726,741
726,742
726,727
726,728
726,729
726,730
726,731
726,732
726,733
726,734
726,735
743,768
743,765
743,44
743,434
743,435
743,477
743,744
743,745
743,746
743,747
743,748
743,749
743,750
743,751
743,752
743,753
743,754
743,755
743,756
743,757
743,758
743,759
743,760
743,761
743,762
743,763
743,764
743,381
743,766
743,767
769,770
769,771
769,772
769,773
769,774
769,775
769,776
769,777
769,778
769,779
769,780
769,781
769,782
769,783
769,784
769,785
769,786
769,787
769,788
769,4
769,789
769,790
769,791
769,792
769,793
769,794
769,795
769,796
769,797
769,798
769,799
769,800
769,801
769,802
769,189
769,329
769,485
803,388
803,390
803,270
803,657
803,804
803,805
803,806
803,807
803,808
803,809
803,810
803,811
803,812
803,813
803,814
803,815
803,432
803,816
803,434
803,817
803,818
803,819
803,820
803,821
803,569
803,189
803,455
803,350
803,351
803,360
822,189
822,822
822,823
822,824
822,825
822,826
822,827
822,828
822,829
822,830
822,831
822,832
822,833
822,834
822,835
822,836
822,837
822,838
822,63
822,72
822,839
822,840
822,841
822,842
822,843
822,844
822,845
822,846
822,847
822,848
822,849
822,850
822,851
822,336
822,852
822,853
822,854
822,855
822,485
822,329
866,867
866,868
866,869
866,870
866,871
866,872
866,873
874,875
874,876
874,877
874,878
874,879
874,880
874,881
874,882
874,883
874,884
874,885
874,886
874,887
888,889
890,384
890,896
890,897
890,898
890,899
890,900
890,901
890,902
890,903
890,904
890,905
890,906
890,907
890,908
890,909
890,910
890,911
890,912
890,913
890,914
890,915
890,916
890,917
890,918
890,919
890,920
890,891
890,892
890,893
890,894
890,895
921,922
921,923
921,924
921,925
921,926
921,927
921,928
921,929
921,930
921,931
921,932
921,933
921,934
921,39
921,935
921,936
921,937
921,938
921,939
921,940
921,941
921,706
921,331
942,645
942,270
942,181
942,943
942,944
942,945
942,946
942,947
942,948
942,949
942,950
942,951
942,952
942,953
942,954
942,955
942,956
942,957
942,958
942,959
960,961
960,962
960,963
960,388
960,964
960,965
960,966
960,329
960,713
960,476
967,645
967,270
967,455
967,968
967,969
967,970
967,971
967,972
967,973
967,974
967,975
967,976
967,977
967,978
967,979
967,980
967,981
967,982
967,983
967,984
967,985
967,986
967,987
967,988
967,989
967,990
967,991
967,992
967,993
967,994
967,995
967,996
967,997
967,998
999,1000
999,1001
999,1002
999,1003
999,1004
999,1005
999,1006
999,1007
999,1008
999,1009
999,1010
999,1011
999,1012
999,1013
1038,1039
1038,1040
1038,1041
1038,1042
1038,1043
1038,1044
1038,1045
1038,1046
1038,1047
1038,1048
1038,1049
1038,1050
1038,1051
1038,1052
1038,639
1053,1054
1053,1055
1053,1056
1053,1057
1053,1058
1053,1059
1053,1060
1053,1061
1053,1062
1053,1063
1053,1064
1053,1065
1053,1066
1053,1067
1053,1068
1053,1069
1053,1070
1053,1071
1053,1072
1053,1073
1053,1074
1053,1075
1053,1076
1053,1077
1053,1078
1053,1079
1053,1080
1053,1081
1053,1082
1053,1083
1053,1084
1053,1085
1053,1086
1053,1087
1053,1088
1053,1089
1053,1090
1053,1091
1053,1092
1053,1093
1053,1094
1053,1095
1053,1096
1053,1097
1053,1098
1053,1099
1053,1100
1053,1101
1053,1102
1053,1103
1053,1104
1053,1105
1053,1106
1053,1107
1053,1108
1053,1109
1053,1110
1053,1111
1053,1112
1053,1113
1053,1114
1053,1115
1053,1116
1053,1117
1053,1118
1053,1119
1053,1120
1053,1121
1053,1122
1053,1123
1053,1124
1053,1125
1053,1126
1053,1127
1053,1128
1053,1129
1053,1130
1053,1131
1053,1132
1053,1133
1053,1134
1053,1135
1053,1136
1053,1137
1053,1138
1053,1139
1053,1140
1053,1141
1053,1142
1053,1143
1053,1144
1053,1145
1053,1146
1053,1147
1053,1148
1053,1149
1053,1150
1053,1151
1053,1152
1053,1153
1053,1154
1053,1155
1053,1156
1053,1157
1053,1158
1053,1159
1053,1160
1053,1161
1053,1162
1053,1163
1053,1164
1053,1165
1053,1166
1053,1167
1053,1168
1053,1169
1053,1170
1053,1171
1053,1172
1053,1173
1053,1174
1053,1175
1053,1176
1053,1177
1053,1178
1053,1179
1053,1180
1053,1181
1053,1182
1053,1183
1053,1184
1053,1185
1053,1186
1053,1187
1053,1188
1053,1189
1053,1190
1053,1191
1053,1192
1053,1193
1053,1194
1053,1195
1053,1196
1053,1197
1053,1198
1053,1199
1053,1200
1053,1201
1053,1202
1053,1203
1053,1204
1053,1205
1053,1206
1053,1207
1053,1208
1053,1209
1053,1210
1053,1211
1053,1212
1053,1213
1053,1214
1053,1215
1053,1216
1053,1217
1053,1218
1053,1219
1053,1220
1053,1221
1053,1222
1053,1223
1053,1224
1053,1225
1053,1226
1053,1227
1053,1228
1053,1229
1053,1230
1053,1231
1053,1232
1053,1233
1053,1234
1053,1235
1053,1236
1053,1237
1053,1238
1053,1239
1053,1240
1053,1241
1053,316
1290,266
1290,1291
1290,1292
1290,1293
1290,1294
1290,1295
1290,1296
1290,1297
1290,1298
1290,1299
1300,934
1300,1301
1300,1302
1300,1303
1300,1304
1300,1305
1300,1306
1300,1307
1300,1308
1300,1309
1310,1311
1310,1312
1310,1313
1310,1314
1310,1315
1310,1316
1310,1317
1310,1318
1310,1319
1310,1320
1310,1321
1310,1322
1310,1323
1310,41
1310,1324
1310,1325
1310,1326
1310,1327
1310,1328
1310,1329
1310,171
1310,178
1310,1330
1310,1331
1310,1332
1310,1333
1310,1334
1310,186
1310,835
1310,931
1310,80
1310,1016
1335,426
1335,434
1335,1335
1335,567
1335,1336
1335,1337
1335,1338
1335,1339
1335,1340
1335,1341
1335,1342
1335,1343
1335,1344
1335,1345
1335,1346
1335,1347
1335,1348
1335,1349
1335,1350
1335,1351
1335,1352
1335,329
1335,1353
1335,1354
1335,1355
1335,1356
1335,842
1335,1357
1335,1358
1335,1359
1335,1360
1335,1361
1335,1362
1335,196
1335,477
1335,835
1335,761
1363,286
1363,1364
1363,1365
1363,1366
1363,1367
1363,1368
1363,1369
1363,1370
1363,1371
1363,1372
1363,1373
1363,1374
1363,1375
1363,1376
1363,1377
1363,1378
1363,1379
1363,1380
1363,1381
1363,1382
1363,1383
1363,1384
1363,1385
1363,1386
1363,1387
1363,1388
1363,1389
1363,1390
1363,1391
1363,1392
1363,1393
1363,1394
1363,1395
1363,1396
1363,375
1404,1408
1404,1409
1404,1410
1404,1411
1404,1412
1404,1413
1404,1414
1404,1415
1404,1416
1404,1417
1404,266
1404,1291
1404,1418
1404,1419
1404,428
1404,577
1404,1405
1404,1406
1404,1407
1420,1421
1420,1422
1420,1423
1420,1424
1420,1425
1420,1426
1420,1427
1420,1428
1420,1429
1420,1430
1420,1431
1420,1432
1420,1433
1420,1041
1420,1434
1420,1435
1420,1436
1420,1437
1420,1438
1420,1439
1420,1440
1420,1441
1420,1442
1420,1443
1420,1444
1420,1445
1420,1446
1420,1447
1420,1448
1420,1449
1420,1367
1420,477
1420,620
1420,1040
1450,321
1450,426
1450,1451
1450,1452
1450,1453
1450,270
1450,189
1454,1027
1454,388
1454,1029
1454,1031
1454,1032
1454,270
1454,1455
1454,1456
1454,1457
1454,1458
1454,1459
1454,1460
1454,1461
1454,1462
1454,1463
1454,1464
1454,1465
1454,1466
1454,189
1454,1023
1467,1027
1467,1031
1467,1033
1467,1037
1467,426
1467,817
1467,1457
1467,189
1467,1468
1467,1469
1467,1470
1467,1471
1467,1472
1467,1473
1467,1474
1467,1475
1467,1476
1467,1477
1467,1478
1467,1479
1467,1480
1467,1481
1467,1482
1467,331
1467,1483
1467,1484
1467,1485
1467,1486
1467,1487
1467,1488
1467,1489
1467,1490
1467,1491
1467,1492
1467,1493
1467,1494
1467,1495
1467,1496
1467,1497
1467,1498
1467,1499
1500,389
1500,270
1500,803
1500,189
1500,197
1500,1501
1500,1502
1500,1503
1500,1504
1500,1505
1500,1506
1500,1507
1500,1508
1500,1509
1500,1510
1500,1511
1500,1512
1500,1513
1500,1514
1500,1515
1500,1516
1500,1517
1500,1518
1500,1519
1500,1520
1500,1521
1500,1522
1500,1523
1500,1524
1500,1525
1500,1526
1500,1527
1500,1528
1500,1529
1500,1530
1500,1531
1500,1532
1500,1533
1500,1534
1500,1535
1536,1537
1536,1538
1536,1539
1536,1540
1536,1541
1536,1542
1536,1543
1536,1544
1536,1545
1536,1546
1536,1547
1536,1548
1536,1549
1536,1550
1536,1551
1536,1552
1536,1553
1536,1554
1536,1555
1536,1556
1536,1557
1536,1558
1536,1559
1536,1560
1536,1561
1536,1562
1536,1563
1536,1564
1536,1565
1536,1566
1536,1567
1536,1568
1536,1569
1536,806
1536,44
1536,1027
1536,1457
1536,773
1536,817
1536,1463
1536,835
1536,1353
1536,723
1536,477
1536,1503
1536,1506
1536,375
1536,761
1594,1595
1594,1596
1594,1597
1594,1598
1594,1599
1594,1600
1594,1601
1594,1602
1594,1603
1594,1604
1594,1605
1594,1606
1594,1607
1594,1608
1594,1609
1594,1610
1594,1611
1594,1612
1594,1613
1594,1614
1594,1615
1594,1616
1594,1617
1594,1618
1594,1619
1594,1620
1594,1621
1594,1622
1594,1623
1594,1624
1594,1625
1594,1626
1594,1627
1594,1628
1594,1629
1594,1630
1594,1631
1632,1655
1632,41
1632,1462
1632,329
1632,331
1632,1633
1632,1634
1632,1635
1632,1636
1632,1637
1632,1638
1632,1639
1632,1640
1632,1641
1632,1642
1632,1385
1632,1643
1632,1644
1632,1645
1632,1646
1632,1647
1632,1648
1632,1649
1632,1650
1632,1651
1632,1652
1632,1653
1632,1654
1666,1667
1666,1668
1666,1669
1666,1670
1666,1671
1666,520
1666,1672
1666,1673
1666,1674
1666,1675
1666,260
1666,1676
1666,1677
1666,1678
1666,1679
1666,1680
1666,1681
1666,1682
1666,1683
1666,1684
1666,1433
1666,214
1666,479
1685,384
1685,274
1685,1686
1685,1687
1685,1688
1685,1689
1685,1690
1685,1691
1685,1692
1685,1693
1685,1694
1685,1695
1685,1696
1685,1697
1685,1698
1685,1699
1685,1700
1685,1701
1685,1702
1685,1703
1685,1704
1685,41
1685,1705
1685,1706
1685,426
1685,1707
1685,1708
1685,432
1685,434
1685,828
1685,189
1685,331
1685,477
1685,221
1685,383
1709,1409
1709,260
1709,1292
1709,782
1709,272
1709,189
1709,1571
1709,567
1709,1710
1709,1711
1709,1712
1709,1713
1709,1714
1709,1715
1709,1716
1709,1717
1709,1718
1709,1719
1709,1720
1709,1721
1709,1722
1709,1723
1709,1724
1709,1725
1709,1726
1709,1727
1709,1728
1709,1729
1709,1730
1709,1731
1709,1732
1709,1733
1709,1734
1709,1735
1709,1736
1709,1737
1709,1738
1709,1739
1709,1740
1709,1741
1709,1742
1709,448
1709,1743
1709,1744
1709,1745
1709,1746
1709,468
1709,1747
1709,470
1709,1748
1709,1749
1709,1750
1709,1751
1709,1752
1709,620
1709,1400
1753,1553
1753,1430
1753,567
1753,1754
1753,1755
1753,1756
1753,1757
1753,1758
1753,1759
1753,1760
1753,1761
1753,1762
1753,1763
1753,1764
1753,1765
1753,1766
1753,1767
1753,1768
1753,1769
1753,1770
1753,1771
1753,1772
1753,1773
1753,1774
1753,1775
1753,1776
1753,1777
1753,1778
1779,1792
1779,1793
1779,1794
1779,727
1779,728
1779,733
1779,735
1779,736
1779,740
1779,741
1779,1780
1779,1781
1779,1782
1779,1783
1779,1784
1779,1785
1779,1786
1779,1787
1779,1788
1779,1789
1779,1790
1779,1791
1795,1796
1795,1797
1795,1798
1799,130
1799,388
1799,1800
1799,1801
1799,1802
1799,1803
1799,1804
1799,1805
1799,1806
1799,1807
1799,1808
1799,1809
1799,1810
1799,1811
1799,1812
1799,1813
1799,1814
1799,1815
1799,1816
1799,331
1799,1744
1799,1626
1817,18
1817,1818
1817,1819
1817,1820
1817,1821
1817,1822
1817,1823
1817,1824
1817,1825
1817,1826
1817,1827
1817,1828
1817,1829
1817,1830
1817,1831
1817,1832
1817,1833
1817,1834
1817,1835
1817,1836
1817,1837
1817,1838
1817,1839
1817,1840
1817,1841
1817,1842
1817,1843
1817,1844
1817,1845
1817,1846
1817,1847
1898,1899
1898,683
1898,1900
1898,1901
1898,1902
1898,1903
1898,189
1898,479
1904,683
1904,1905
1904,1906
1904,1907
1904,1908
1904,1909
1904,150
1910,1920
1910,1921
1910,1922
1910,1923
1910,1924
1910,1925
1910,1926
1910,1927
1910,1928
1910,1929
1910,1930
1910,1931
1910,1932
1910,1933
1910,1934
1910,1911
1910,1912
1910,1913
1910,1914
1910,1915
1910,1916
1910,1917
1910,1918
1910,1919
1935,0
1935,10
1935,12
1935,2088
1935,2091
1935,2093
1935,1586
1935,53
1935,1591
1935,60
1935,81
1935,2641
1935,3683
1935,3684
1935,3685
1935,3686
1935,3687
1935,3688
1935,3689
1935,3690
1935,3691
1935,3692
1935,3693
1935,3694
1935,3695
1935,1648
1935,3697
1935,3696
1935,3698
1935,1658
1935,1719
1935,2809
1935,1282
1935,260
1935,1291
1935,1292
1935,274
1935,828
1935,362
1935,1415
1935,1936
1935,1937
1935,1938
1935,1939
1935,1940
1935,1941
1935,1942
1935,1943
1935,1944
1935,1945
1935,1946
1935,1947
1935,1948
1935,1949
1935,1950
1935,1951
1935,1952
1935,1953
1935,1954
1935,1955
1935,1956
1935,1957
1935,1958
1935,1959
1935,1960
1935,1961
1935,1962
1935,1963
1935,434
1935,1463
1935,3559
1935,3560
1935,3561
1935,3562
1935,3563
1935,3564
1935,1535
1964,257
1964,404
1964,1559
1964,1329
1964,317
1964,1965
1964,1966
1964,1967
1964,1968
1964,1969
1964,1970
1964,1971
1964,1972
1964,1973
1964,1974
1964,1975
1964,1976
1964,1977
1964,1978
1964,1979
1964,1980
1964,1981
1964,1982
1964,1983
1964,189
1964,1984
1964,1985
1964,1986
1964,1987
1964,1988
1964,1989
1964,1990
1964,1991
1964,1992
1964,1993
1964,331
1964,1994
1964,1995
1964,1996
1964,1997
1964,1998
1964,1999
1964,722
1964,2000
1964,468
1964,2001
1964,2002
1964,2003
1964,2004
1964,2005
1964,2006
1964,2007
1964,2008
1964,2009
1964,2010
1964,2011
1964,485
1964,752
1964,1778
2010,384
2010,258
2010,2039
2010,432
2010,53
2010,1335
2010,58
2010,328
2010,457
2010,2012
2010,2013
2010,2014
2010,2015
2010,2016
2010,2017
2010,2018
2010,2019
2010,2020
2010,485
2010,2021
2010,2022
2010,2023
2010,2024
2010,2025
2010,2026
2010,2027
2010,2028
2010,2029
2010,2030
2010,2031
2010,2032
2010,363
2010,2033
2010,2034
2010,2035
2010,2036
2010,2037
2010,2038
2040,204
2040,1428
2040,2041
2040,2042
2040,2043
2044,2048
2044,2049
2044,2050
2044,2051
2044,2052
2044,2053
2044,2054
2044,2055
2044,520
2044,2056
2044,503
2044,2045
2044,2046
2044,2047
2057,1544
2057,2058
2057,2059
2057,2060
2057,2061
2057,2062
2057,2063
2057,14
2057,2064
2057,2065
2057,2066
2057,2067
2057,2068
2057,2069
2057,2070
2057,2071
2057,2072
2057,285
2057,51
2057,52
2057,53
2057,1335
2057,440
2057,58
2057,443
2057,444
2057,60
2057,63
2057,448
2057,449
2057,450
2057,452
2057,453
2057,70
2057,329
2057,458
2057,461
2057,859
2057,363
2073,1038
2073,1428
2073,1044
2073,2074
2073,2075
2073,2076
2073,2077
2073,2078
2073,2079
2073,2080
2073,2081
2073,2082
2073,2083
2073,2084
2073,2085
2073,2086
2073,2087
2073,2088
2073,2089
2073,2090
2073,2091
2073,2092
2073,2093
2073,2094
2073,424
2073,2095
2073,2096
2073,2097
2073,2098
2073,1849
2073,1878
2099,384
2099,1027
2099,1029
2099,270
2099,189
2099,1453
2099,2100
2099,2101
2099,2102
2099,2103
2099,2104
2099,2105
2099,2106
2099,2107
2099,2108
2099,2109
2099,2110
2099,2111
2099,2112
2099,2113
2099,2114
2099,2115
2099,2116
2099,2117
2099,2118
2099,2119
2099,2120
2099,2121
2099,2122
2099,1483
2099,2123
2099,2124
2099,2125
2099,2126
2099,2127
2099,2128
2099,2129
2099,2130
2099,2131
2099,2132
2099,2133
2099,2134
2099,2135
2099,359
2136,2144
2136,2145
2136,2146
2136,2147
2136,2148
2136,2149
2136,2150
2136,2137
2136,2138
2136,2139
2136,2140
2136,2141
2136,2142
2136,2143
2151,2176
2151,2177
2151,2178
2151,2179
2151,58
2151,329
2151,843
2151,2151
2151,2152
2151,2153
2151,2154
2151,2155
2151,2156
2151,2157
2151,2158
2151,2159
2151,2160
2151,2161
2151,2162
2151,2163
2151,2164
2151,2165
2151,2166
2151,2167
2151,2168
2151,2169
2151,2170
2151,2171
2151,2172
2151,2173
2151,2174
2151,2175
2180,388
2180,2181
2180,2182
2180,2183
2180,2184
2180,2185
2180,2186
2180,2187
2180,2188
2180,2189
2180,2190
2180,434
2191,270
2191,2192
2191,2193
2191,2194
2191,2195
2191,2196
2191,2197
2191,2198
2191,2199
2191,2200
2191,2201
2191,2202
2191,2203
2191,2204
2191,2205
2191,2206
2191,2207
2191,2208
2191,2209
2191,2210
2191,2211
2191,2212
2191,2213
2191,2214
2191,2215
2191,2216
2191,2217
2191,2218
2191,2219
2191,2220
2191,2221
2191,2222
2191,2223
2191,2224
2191,2225
2191,2226
2191,2227
2191,2228
2191,2229
2191,2230
2191,2231
2191,2232
2191,2233
2191,2234
2191,2235
2236,384
2236,259
2236,276
2236,41
2236,2237
2236,2238
2236,2239
2236,2240
2236,2241
2236,2242
2236,2243
2236,2244
2236,2245
2236,2246
2236,2247
2236,2248
2236,2249
2236,2250
2236,1741
2251,2252
2251,2253
2251,2254
2251,2255
2251,2256
2251,2257
2251,2258
2251,2259
2251,2260
2251,2261
2251,2262
2251,2263
2251,2264
2251,2265
2251,2266
2251,2267
2251,2268
2251,2269
2251,2270
2251,2271
2251,2272
2251,221
2251,2273
2251,2274
2251,2275
2251,2276
2251,2277
2251,2278
2251,2279
2251,2280
2251,2281
2251,2282
2251,2283
2251,2284
2251,2285
2251,2286
837,1760
837,963
837,835
837,2154
837,1355
837,2287
837,2288
837,2289
837,434
837,2290
837,2291
837,2292
837,1040
837,477
2293,388
2293,1028
2293,1355
2293,823
2293,178
2293,2294
2293,2295
2293,2296
2293,2297
2293,2298
2293,2299
2293,2300
2293,2301
2293,2302
2293,2303
2304,2305
2304,2306
2304,2307
2304,2308
2304,2309
2304,2310
2304,2311
2304,488
2304,2312
2304,2313
2304,2314
2304,2315
2304,1744
2316,1027
2316,388
2316,2317
2316,2318
2316,2319
2316,2320
2316,2321
2316,2322
2316,2323
2316,2324
2316,2325
2316,2326
2316,2327
2316,2328
2316,2329
2316,2330
2316,2331
2316,2332
2316,2333
2316,2334
2316,2335
2316,2336
2316,2337
2316,2338
2316,2339
2316,2340
2316,1437
2316,2341
2316,2342
2316,2343
2316,2344
2316,2345
2316,2346
2316,2347
2316,2348
2316,2349
2316,2350
2316,2351
2316,1457
2316,2352
2316,2353
2316,2354
2316,2355
2316,1463
2316,802
2316,331
2316,1483
2316,508
2356,270
2356,2357
2356,2358
2356,2359
2356,2360
2356,2361
2356,2362
2356,2363
2356,2364
2356,2365
2356,2366
2356,2367
2356,2368
2356,2369
2356,2370
2356,2371
2356,2372
2356,2373
2356,2374
2356,2375
2356,2376
2356,2377
2356,2378
2356,2379
2356,2380
2356,2381
2356,2382
2356,2383
2356,2384
2356,2385
2356,2386
2356,2387
2356,2388
2356,2389
2356,2390
2356,2391
2356,2392
2356,2393
2356,2394
2356,2395
2356,2396
2356,2397
2356,2398
2356,2399
2356,2400
2356,2401
2356,2402
2356,2403
2356,2404
2356,2405
2356,2406
2356,2407
2356,2408
2356,2409
2356,2410
2356,2411
2356,2412
2356,2413
2356,2414
2356,1519
2356,2415
2356,2416
2356,2417
2356,2418
2356,2419
2356,2420
2356,2421
2356,1401
2473,1027
2473,52
2473,1031
2473,2474
2473,2475
2473,2476
2473,2477
2473,2478
2473,2479
2473,2480
2473,2481
2473,2482
2473,817
2473,2483
2473,2484
2473,2485
2473,2486
2473,1458
2473,2487
2473,2488
2473,2489
2473,2490
2473,2491
2473,2492
2473,2493
2473,2494
2473,2495
2473,2496
2473,2497
2473,2498
2473,2499
2473,2500
2473,2501
2473,2502
2473,329
2473,2503
2473,331
2473,1465
2473,2504
2473,2505
2473,2506
2473,2507
2473,2508
2473,2509
2473,2510
2473,2511
2473,2512
2473,2513
2473,2514
2473,2515
2473,2516
2473,2517
2473,2518
2473,848
2473,2519
2473,2520
2473,2521
2473,483
2473,1780
2522,388
2522,2523
2522,2524
2522,2525
2522,2526
2522,2527
2522,2528
2522,2529
2522,2530
2522,2531
2522,2532
2522,2533
2522,2534
2522,2535
2522,2536
2522,2537
2522,2538
2522,2539
2522,2540
2522,2541
2522,2542
2522,2543
2522,2544
2522,2545
2522,2546
2522,2547
2522,2548
2522,2549
2522,2550
2522,2551
2552,384
2552,2560
2552,2561
2552,2562
2552,2563
2552,2564
2552,2565
2552,2566
2552,2567
2552,2568
2552,383
2552,388
2552,41
2552,2553
2552,2554
2552,2555
2552,2556
2552,2557
2552,2558
2552,2559
2168,2569
2168,2570
2168,2571
2168,2572
2168,2573
2168,2574
2168,2575
2168,2576
2168,2577
2168,2578
2168,2579
2168,2580
2168,2581
2168,2582
2168,2583
2168,2584
2168,2585
2168,2586
2168,2587
2168,2588
2168,2589
2168,2590
2168,817
2168,329
2168,2155
2168,2162
2168,2171
2168,2172
2591,2592
2591,2593
2591,2594
2591,2595
2596,786
2596,285
2596,2597
2596,2598
2596,2599
2596,2600
2596,2601
2596,2602
2596,2603
2596,2604
2596,805
2596,2605
2596,2606
2596,432
2596,426
2596,2607
2596,2608
2596,2609
2596,2610
2596,431
2596,433
2596,434
2596,435
2596,2611
2596,2612
2596,2613
2596,189
2596,1343
2596,470
2596,1626
2596,752
2596,1777
2596,1778
2596,755
2486,2624
2486,1031
2486,1032
2486,1034
2486,557
2486,2490
2486,1458
2486,2614
2486,2615
2486,2616
2486,2617
2486,2618
2486,2619
2486,2620
2486,2621
2486,2622
2486,2623
2625,2626
2625,2627
2625,388
2625,387
2625,2628
2625,2629
2625,2630
2625,2631
2625,2632
2625,2633
2625,2634
2625,1489
2699,2700
2699,2701
2699,2702
2699,2703
2699,2704
2699,2705
2699,2706
2699,2707
2699,2708
2699,2709
2699,2710
2699,2711
2699,2712
2699,2713
2699,2714
2699,2715
2699,2716
2699,2717
2699,2718
2699,2719
2699,2720
2699,2721
2699,2722
2699,2723
2699,2724
2699,2725
2699,41
2726,517
2726,2727
2726,2728
2726,2729
2726,2730
2726,2731
2726,2732
2726,2733
2726,2734
2726,2735
2726,2736
2726,2737
2726,2738
2726,2739
2726,2740
2726,2357
2726,2741
2726,2742
2726,2743
2726,2744
2726,186
2726,2745
2726,2746
2726,2747
2726,2748
2726,2749
2726,2750
2726,2751
2726,2752
2726,2753
2726,1364
2726,475
2726,1519
2754,1560
2754,2587
2754,805
2754,1713
2754,1463
2754,567
2754,189
2754,2755
2754,2756
2754,2757
2754,2758
2754,2759
2754,2760
2754,329
2754,842
2754,2761
2754,2762
2754,2763
2754,2764
2754,2765
2754,2766
2754,2767
2754,2768
2754,477
2780,384
2780,1027
2780,1032
2780,782
2780,274
2780,915
2780,2602
2780,2348
2780,817
2780,2104
2780,569
2780,189
2780,455
2780,967
2780,329
2780,985
2780,2781
2780,2782
2780,2783
2780,2784
2780,2785
2780,2786
2780,2787
2780,2788
2780,2789
2780,2790
2780,2791
2780,2792
2780,2793
2780,2794
2780,2795
2780,2796
2780,2797
2780,2798
2780,2799
2780,2800
2780,2801
2780,1530
2780,383
2802,388
2802,260
2802,272
2802,1553
2802,274
2802,53
2802,189
2802,2811
2802,2756
2802,329
2802,331
2802,2768
2802,360
2802,2803
2802,2804
2802,2805
2802,2806
2802,2807
2802,2808
2802,2809
2802,2810
2802,2038
2812,2816
2812,2817
2812,388
2812,2813
2812,2814
2812,2815
260,1664
260,2819
260,2820
260,2821
260,2822
260,2823
260,2824
260,2825
260,2826
260,2827
260,2188
260,2828
260,2829
260,2830
260,1673
260,2831
260,2832
260,1427
260,2833
260,2834
260,2835
260,2836
260,2837
260,1725
260,189
260,448
260,322
260,330
260,1899
2838,266
2838,1292
2838,1559
2838,1298
2838,2839
2838,2840
2838,2841
2838,2842
2838,2843
2838,2844
2838,2845
2838,2846
2838,1694
2838,2848
2838,2849
2838,2850
2838,2851
2838,2852
2838,2853
2838,2847
2838,2854
2838,2855
2838,2856
2838,2857
2838,2858
2838,2859
2838,2860
2838,2861
2838,2862
2838,2863
2838,2864
2838,2865
2838,2866
2838,2867
2838,2868
2838,2869
2838,2870
2838,2871
2838,2872
2838,2873
2838,2874
2838,2875
2838,2876
2838,2877
2838,2878
2838,2879
2838,2880
2838,2881
2838,2882
2838,2883
2838,2884
2838,2885
2838,2886
2838,836
2838,2887
2838,2888
2838,2889
2838,2890
2838,2891
2838,2892
2838,2893
2838,850
2838,475
2838,483
2838,1385
2838,2287
2838,1905
2838,1777
2838,1778
2894,1126
2894,2895
2894,2896
2894,2897
2894,2898
2894,2899
2894,2900
2894,2901
2894,2902
2894,2903
2894,2904
2894,2905
2894,2906
2894,2907
2908,1040
2908,1432
2908,805
2908,2935
2908,2096
2908,2936
2908,2937
2908,191
2908,2909
2908,2910
2908,2911
2908,2912
2908,2913
2908,2914
2908,2915
2908,2916
2908,2917
2908,2918
2908,2919
2908,2920
2908,2921
2908,2922
2908,2923
2908,2924
2908,1899
2908,2925
2908,1263
2908,2926
2908,2927
2908,1650
2908,2928
2908,2929
2908,2930
2908,2931
2908,2932
2908,2933
2908,2934
2908,2938
2908,2939
2908,2940
2941,2944
2941,2945
2941,2946
2941,2947
2941,2948
2941,2949
2941,2950
2941,2951
2941,2952
2941,2953
2941,2954
2941,2955
2941,2956
2941,2957
2941,782
2941,2958
2941,2959
2941,2960
2941,2961
2941,2962
2941,2963
2941,2964
2941,2965
2941,2966
2941,2967
2941,2968
2941,1980
2941,1347
2941,1349
2941,477
2941,2942
2941,2943
2969,1029
2969,1031
2969,1032
2969,907
2969,2345
2969,2970
2969,2971
2969,2972
2969,2973
2969,2974
2969,2975
2969,2976
2969,2977
2969,2978
2969,2979
2969,2980
2969,2981
2969,2982
2969,2983
2969,2984
2969,2985
2969,2986
2969,2987
2969,2988
2969,2989
2969,2990
2969,2991
2969,1456
2969,1457
2969,2992
2969,2993
2969,2994
2969,2995
2969,2996
2969,189
2969,1437
2969,1489
2969,1023
2997,1539
2997,1701
2997,2998
2997,2999
2997,3000
2997,3001
2997,3002
2997,3003
2997,3004
2997,3005
2997,3006
2997,3007
2997,3008
2997,3009
2997,3010
2997,3011
2997,3012
2997,3013
2997,3014
2997,3015
2997,3016
2997,3017
2997,3018
2997,3019
2997,3020
2997,1759
3021,782
3021,1437
3021,189
3021,3022
3021,3023
3021,3024
3021,3025
3021,3026
3021,3027
3021,3028
3021,3029
3021,3030
3021,3031
3021,3032
3021,3033
3021,3034
3021,3035
3021,1506
3021,1648
3036,1027
3036,2064
3036,276
3036,311
3036,3039
3036,329
3036,331
3036,1490
3036,2519
3036,477
3036,3037
3036,3038
3036,3040
3036,3041
3036,3042
3036,3043
3036,3044
3036,3045
3036,3046
3036,3047
3036,3048
3036,3049
3036,3050
3036,2795
3036,3051
3036,3052
3036,3053
3036,3054
3036,3055
3036,3056
3036,3057
3036,3058
3076,3076
3076,3077
3076,3078
3101,3104
3101,3105
3101,3106
3101,3107
3101,3108
3101,3102
3101,3103
3109,3110
3109,3111
3109,3112
3109,3113
3109,3114
3109,3115
3109,3116
3109,3117
3109,3118
3109,3119
3109,3120
3109,3121
3109,1330
3109,3122
3109,2417
3109,3123
3109,3124
3109,3125
3126,1043
3126,1694
3126,1701
3126,2096
3126,434
3126,1716
3126,3127
3126,3128
3126,3129
3126,3130
3126,3131
3126,3132
3126,3133
3126,3134
3126,3135
3126,3136
3126,3137
3126,3138
3126,3139
3126,3140
3126,3141
3126,3142
3126,3143
3126,3144
3126,2889
3126,3145
3126,3146
3126,3147
3126,3148
3126,3149
3126,3150
3126,3151
3126,3152
3126,3153
3126,3154
3126,3155
3126,3156
3126,3157
3126,3158
3126,3159
3126,3160
3126,3161
3126,3162
3126,3163
3126,3164
3126,3165
3126,2926
3126,1777
3126,1650
3126,1778
3126,1658
3166,517
3166,276
3166,802
3166,44
3166,329
3166,331
3166,475
3166,861
3166,3167
3166,3168
3166,3169
3166,3170
3166,3171
3166,3172
3166,3173
3166,3174
3166,3175
3166,3176
3166,3177
3166,3178
3166,3179
3166,3180
3166,1642
3166,3181
3166,3182
3166,2795
3166,3183
3166,3184
3166,3185
3166,2292
3186,3200
3186,3187
3186,3188
3186,3189
3186,3190
3186,3191
3186,3192
3186,3193
3186,3194
3186,3195
3186,3196
3186,3197
3186,3198
3186,3199
3201,3202
3201,3203
3201,3204
3201,3205
3201,3206
3201,3207
3201,3208
3201,3209
3201,3210
3201,3211
3201,3212
3201,3213
3201,270
3201,3214
3201,3215
3201,3216
3201,3217
3201,3218
3201,3219
3201,3220
3201,3221
3201,3222
3201,3223
3201,3224
3201,3225
3201,3226
3201,3227
3201,388
3201,1711
3201,2100
3201,58
3201,266
3201,327
3201,72
3201,14
3201,2636
3201,211
3201,2154
3201,508
3201,509
3228,1807
3228,3229
3228,3230
3228,3231
3228,3232
3228,3233
3228,3234
3228,3235
3228,3236
3228,3237
3228,3238
3228,3239
3228,3240
3228,3241
3228,3242
3228,3243
3228,3244
3228,3245
3228,3246
3228,3247
3228,3248
3228,3249
3228,3250
3228,3251
3228,3252
3228,3253
3228,3254
3228,2753
3228,329
3228,331
3228,2399
3228,1635
3228,3174
3228,1777
3228,1778
3255,1027
3255,3256
3255,3257
3255,3258
3255,3259
3260,1039
3260,568
3260,3261
3260,3262
3260,3263
3260,3264
3260,3265
3260,3266
3260,3267
3260,3268
3260,3269
3260,3270
3260,3271
3260,3272
3260,3273
3260,3274
3260,3275
3260,3276
3260,3277
3260,3278
3260,3279
3260,1744
3260,3280
3260,3281
3260,3282
3260,3283
3260,3284
3260,3285
3260,3286
3260,3287
3260,3288
3260,3289
3260,3290
3260,3291
3260,3292
3260,3293
3260,3294
3260,3295
3260,3296
3260,3297
3260,3298
3260,3299
3260,3300
3260,3301
3260,3302
3303,3328
3303,3329
3303,3330
3303,3331
3303,3332
3303,3333
3303,3334
3303,3335
3303,3336
3303,3337
3303,3338
3303,406
3303,3323
3303,987
3303,993
3303,3304
3303,3305
3303,3306
3303,3307
3303,3308
3303,3309
3303,3310
3303,3311
3303,3312
3303,3313
3303,3314
3303,3315
3303,3316
3303,3317
3303,3318
3303,3319
3303,3320
3303,3321
3303,3322
3303,1531
3303,3324
3303,3325
3303,3326
3303,3327
3339,3340
3339,3341
3339,3342
3339,3343
3339,3344
3339,3345
3339,3346
3339,3347
3339,3348
3339,3349
3339,3350
3339,3351
3339,3352
3339,3353
3339,3354
3339,3355
3339,3356
3339,3357
3339,3358
3339,3359
3339,2844
3339,3360
3339,3361
3339,3362
3339,3363
3339,3364
3339,3365
3339,167
3339,3366
3339,1705
3339,3367
3339,2219
3339,3368
3339,3369
3339,3370
3339,3371
3339,3372
3339,3373
3339,180
3339,329
3339,1355
3339,142
3339,1230
3339,720
3339,477
3339,2154
3339,754
3339,1014
3374,390
3374,1543
3374,2076
3374,811
3374,3375
3374,3376
3374,3377
3374,3378
3374,3379
3374,3380
3374,3381
3374,3382
3374,3383
3374,3384
3374,3385
3374,3386
3374,3387
3374,3388
3374,3389
3374,3390
3374,3391
3374,3392
3374,569
3374,3393
3374,82
3374,362
3394,3395
3394,3396
3394,3397
3394,3398
3394,3399
3394,3400
3394,197
3394,2602
3394,3401
3394,3402
3394,3403
3394,3404
3394,3405
3394,1744
3394,432
3394,2038
3394,189
3394,1439
3406,3407
3406,3408
3406,3409
3406,3410
3406,3411
3406,3412
3406,3413
3406,3414
3406,3415
3406,3416
3406,3417
3406,3418
3406,3419
3406,3420
3406,3421
3406,3422
985,384
985,645
985,270
985,2041
985,944
985,968
985,983
985,990
985,3423
985,3424
985,3425
985,3426
985,3427
985,3428
985,3429
985,3430
985,3431
985,3432
985,3433
985,3434
985,3435
985,3436
985,3437
985,3438
985,3439
985,3440
985,3441
985,3442
985,3443
985,3444
985,3445
985,3446
985,3447
985,3448
985,3449
985,3450
985,3451
985,3452
985,3453
985,3454
3455,3456
3455,3457
3455,3458
3455,3459
3455,3460
3455,3461
3455,3462
3455,3463
3455,3464
3455,3465
3455,1282
3455,3466
3455,1285
3455,384
3455,3467
3455,3468
3455,3469
3455,3470
3455,3471
3455,2456
3455,2458
3455,2461
3455,555
3455,1849
3455,187
3455,81
3455,3309
3455,2422
3455,1274
3455,1275
3455,1278
3455,383
3475,3476
3475,3477
3475,3478
3475,3479
3475,2456
3475,3480
3475,3481
3475,3482
3475,3483
3475,3484
3475,3485
3475,3486
3475,3488
3475,3489
3475,3490
3475,3491
3475,3492
3475,3487
3475,3493
3475,3494
3475,3495
3475,3496
3475,3497
3475,3498
3475,3499
3475,3500
3475,3501
3475,3502
3475,3503
3475,3504
3475,3505
3475,3506
3475,3507
3475,3508
3475,3509
3475,3510
3475,3511
3475,81
3528,26
3528,434
3528,820
3528,567
3528,569
3528,2243
3528,3529
3528,3530
3528,3531
3528,3532
3528,3533
3528,3534
3528,3535
3528,3536
3528,3537
3528,3538
3528,3539
3528,3540
3528,3541
3528,3542
3528,345
3528,476
835,3138
835,1347
835,835
835,840
835,3551
835,1457
835,434
835,754
835,3543
835,3544
835,3545
835,3546
835,3547
835,3548
835,3549
835,3550
835,1439
836,3552
836,3553
836,3554
836,3555
836,3556
836,388
836,2756
836,1506
836,376
836,1463
836,3557
836,3558
836,567
836,1560
836,1341
3565,3566
3565,3567
3565,3568
3565,3569
3565,3570
3565,3571
3565,3572
3565,3573
3565,3574
3565,3575
3565,476
3565,3230
3576,3584
3576,3585
3576,3586
3576,1648
3576,220
3576,1849
3576,3577
3576,3578
3576,3579
3576,3580
3576,3581
3576,3582
3576,3583
3587,258
3587,3588
3587,3589
3587,3590
3587,3591
3587,3592
3587,3593
3587,3594
3587,3595
3587,3596
3587,3597
3587,3598
3587,3599
3587,3600
3587,3601
3587,3602
3587,3603
3587,3604
3587,3605
3587,3606
3587,1815
3587,3607
3587,41
3587,1705
3587,52
3587,60
3587,2889
3587,331
3587,336
3587,337
3587,2292
3608,3616
3608,3617
3608,3613
3608,3618
3608,3619
3608,3620
3608,3621
3608,3622
3608,3623
3608,3624
3608,3625
3608,3609
3608,3610
3608,3611
3608,3612
3608,1533
3608,3614
3608,3615
3626,384
3626,388
3626,270
3626,2580
3626,2588
3626,3627
3626,3628
3626,3629
3626,3630
3626,3631
3626,3632
3626,3633
3626,3634
3626,3635
3626,3636
3626,3637
3626,3638
3626,3639
3626,3640
3626,3641
3626,3642
3626,3643
3626,3644
3626,3645
3626,3646
3626,3647
3626,2002
3626,359
3626,2800
3648,41
3648,3649
3648,3650
3648,3651
3648,3652
3648,3653
3648,3654
3648,3655
3648,3656
3648,3657
3648,3658
3648,3659
3648,3660
3648,3661
3648,3662
3648,3663
3648,3664
3648,3665
3648,483
3648,1519
3666,3207
3666,266
3666,270
3666,782
3666,283
3666,285
3666,2335
3666,3106
3666,820
3666,53
3666,58
3666,3667
3666,3668
3666,3669
3666,3670
3666,3671
3666,3672
3666,3673
3666,1626
3666,3674
3666,3675
3666,3676
3666,3677
3666,3678
3666,3679
3666,3680
3666,3681
3666,3682
3666,485
3666,2030
3666,381
3699,1027
3699,3257
3699,329
3699,817
3699,2586
3699,3700
3699,3701
3699,3702
3699,3703
3699,3704
3699,3705
3699,1402
3699,477
3706,3712
3706,3713
3706,3714
3706,3715
3706,3716
3706,3717
3706,3718
3706,3719
3706,3720
3706,3721
3706,3722
3706,3723
3706,3724
3706,3725
3706,3726
3706,3727
3706,3728
3706,3729
3706,3730
3706,3731
3706,3732
3706,3733
3706,3734
3706,3735
3706,3736
3706,3737
3706,3707
3706,3708
3706,3709
3706,3710
3706,3711
3738,3739
3738,3740
3738,3741
3738,3742
3743,3744
3743,3745
3743,3746
3743,3747
3743,3748
3743,3749
3743,2849
3743,3750
3743,3751
3743,3752
3743,2853
3743,3753
3743,3754
3743,3755
3743,3756
3743,3757
3743,3758
3743,3759
3743,3760
3743,3761
3743,3762
3743,3763
3743,3764
3743,3765
3743,3766
3743,3767
3743,3768
3743,3769
3743,3770
3743,3771
3743,3772
3743,3773
3743,3774
3743,3775
3743,3776
3743,3777
3743,3778
3743,3779
3743,3780
3743,329
3743,2517
3743,2220
3743,2154
3743,1015
3793,270
3793,271
3793,276
3793,3831
3793,1869
3793,3794
3793,3795
3793,3796
3793,3797
3793,3798
3793,3799
3793,3800
3793,3801
3793,3802
3793,3803
3793,3804
3793,3805
3793,3806
3793,3807
3793,3808
3793,2785
3793,3809
3793,3810
3793,3811
3793,3812
3793,3813
3793,3814
3793,3815
3793,3816
3793,3817
3793,3818
3793,3819
3793,3820
3793,3821
3793,3822
3793,3823
3793,3824
3793,3825
3793,3826
3793,3827
3793,3828
3793,3829
3793,3830
3793,1016
3832,2528
3832,3840
3832,3841
3832,3842
3832,2532
3832,2533
3832,2534
3832,2536
3832,1940
3832,2549
3832,3833
3832,3834
3832,3835
3832,3836
3832,3837
3832,3838
3832,3839
3843,3844
3843,3845
3843,3846
3843,3847
3843,3848
3843,3849
3843,3850
3843,3851
3843,3852
3843,3853
3843,3854
3843,3855
3843,3856
3843,3857
3843,3858
3843,3859
3843,3860
3843,3861
3843,3862
3843,3863
3843,3864
3843,3865
3843,3866
3843,3867
3843,3868
3843,3869
3843,3870
3843,3871
3843,3872
3843,3873
3843,3874
3843,3875
3843,3876
3843,3877
3843,3878
3843,3879
3843,3880
3843,41
3843,3881
3843,3882
3843,3883
3843,3884
3843,3885
3843,3886
3843,3887
3843,3888
3843,3889
3843,3890
3843,3891
3843,3892
3843,3893
3843,3894
3843,3895
3843,1734
3843,269
3843,1355
3843,1626
3843,1755
3843,1385
3843,1648
3896,3904
3896,3905
3896,3906
3896,3907
3896,3908
3896,3909
3896,331
3896,1807
3896,276
3896,3903
3896,1462
3896,3897
3896,3898
3896,3899
3896,3900
3896,3901
3896,3902
3896,447
3910,1041
3910,1047
3910,1432
3910,3911
3910,3912
3910,3913
3910,3914
3910,3915
3910,3916
3910,3917
3910,3918
3910,3919
3910,3920
3910,3921
3910,3922
3910,3923
3910,3924
3910,3925
3910,3926
3910,3927
3910,3928
3910,3929
3910,3930
3910,3931
3910,3932
3910,3933
3910,2910
3934,773
3934,270
3934,2587
3934,423
3934,3510
3934,567
3934,197
3934,3535
3934,3542
3934,3799
3934,3935
3934,3936
3934,3937
3934,3938
3934,3939
3934,3940
3934,3941
3934,3942
3934,3943
3934,3944
3934,3945
3934,3946
3934,363
3934,3947
3934,3948
3934,366
3949,388
3949,517
3949,520
3949,526
3949,530
3949,1048
3949,1443
3949,805
3949,41
3949,44
3949,204
3949,465
3949,3433
3949,3306
3949,3950
3949,3951
3949,3952
3949,3953
3949,3954
3949,3955
3949,3956
3949,3957
3949,3958
3949,3959
3949,3960
3949,3961
3949,3962
3949,3963
3949,3964
3965,3968
3965,1445
3965,485
3965,329
3965,331
3965,1420
3965,1357
3965,1807
3965,468
3965,3966
3965,3967
3969,3970
3969,3971
3969,3972
3969,3973
3969,3974
3969,3975
3969,3976
3969,3977
3969,3978
3969,3979
3969,3980
3969,3981
3969,526
3969,3982
3969,3983
3969,3984
3969,3985
3969,3986
3969,408
3969,3250
3969,329
3969,1355
3969,1356
3969,331
3987,4096
3987,4097
3987,4098
3987,1539
3987,1540
3987,4099
3987,4100
3987,4101
3987,4102
3987,4103
3987,4104
3987,4105
3987,4106
3987,4107
3987,4108
3987,4109
3987,4110
3987,4111
3987,4112
3987,4113
3987,4114
3987,4115
3987,4116
3987,4117
3987,4118
3987,4119
3987,4120
3987,4121
3987,4122
3987,4123
3987,4124
3987,1050
3987,4125
3987,4126
3987,4127
3987,4128
3987,4129
3987,4130
3987,4131
3987,4132
3987,4133
3987,4134
3987,4135
3987,4136
3987,44
3987,4137
3987,4138
3987,4139
3987,4140
3987,4141
3987,4087
3987,3156
3987,4088
3987,2461
3987,1649
3987,1701
3987,197
3987,200
3987,1242
3987,221
3987,963
3987,752
3987,754
3987,761
3987,767
3987,794
3987,1355
3987,479
3987,1899
3987,363
3987,2947
3987,3988
3987,3989
3987,3990
3987,3991
3987,3992
3987,3993
3987,3994
3987,3995
3987,3996
3987,3997
3987,3998
3987,3999
3987,4000
3987,4001
3987,4002
3987,4003
3987,4004
3987,4005
3987,4006
3987,4007
3987,4008
3987,4009
3987,4010
3987,4011
3987,4012
3987,4013
3987,4014
3987,4015
3987,4016
3987,4017
3987,4018
3987,4019
3987,4020
3987,4021
3987,4022
3987,434
3987,4023
3987,4024
3987,4025
3987,4026
3987,4027
3987,4028
3987,4029
3987,4030
3987,4031
3987,4032
3987,4033
3987,4034
3987,4035
3987,4036
3987,4037
3987,4038
3987,4039
3987,4040
3987,4041
3987,4042
3987,4043
3987,4044
3987,4045
3987,4046
3987,4047
3987,4048
3987,4049
3987,4050
3987,4051
3987,4052
3987,4053
3987,4054
3987,3544
3987,4055
3987,4056
3987,4057
3987,4058
3987,4059
3987,4060
3987,4061
3987,4062
3987,4063
3987,4064
3987,4065
3987,4066
3987,4067
3987,4068
3987,4069
3987,4070
3987,4071
3987,4072
3987,4073
3987,4074
3987,4075
3987,4076
3987,4077
3987,4078
3987,4079
3987,4080
3987,4081
3987,4082
3987,4083
3987,4084
3987,4085
3987,4086
3987,4089
3987,4090
3987,4091
3987,4092
3987,4093
3987,4094
3987,4095
2519,130
2519,12
2519,526
2519,1698
2519,1453
2519,4142
2519,4143
2519,4144
2519,4145
2519,4146
2519,4147
2519,2100
2519,3763
2519,4148
2519,4149
2519,4150
2519,4151
2519,4152
2519,4153
2519,4154
2519,4155
2519,3902
2519,4156
2519,4157
2519,4158
2519,4159
2519,4160
2519,3140
2519,4161
2519,4162
2519,4163
2519,4164
2519,329
2519,4165
2519,1355
2519,4166
2519,4167
2519,4168
2519,1364
2519,475
2519,221
2519,2154
2519,4076
2519,375
2519,381
4169,1027
4169,1029
4169,1030
4169,907
4169,817
4169,4170
4169,331
4169,4172
4169,4173
4169,4171
4169,4174
4169,4175
4169,4176
4169,4177
4169,4178
4169,4179
4169,4180
4169,4181
4169,1495
4169,1496
4169,4182
4169,4183
4169,4184
4169,4185
4169,4186
4169,4187
4169,4188
4169,4189
4169,4190
4169,4191
4169,3053
4169,893
4169,1023
4192,520
4192,1040
4192,1041
4192,1427
4192,1434
4192,2080
4192,1442
4192,1443
4192,2090
4192,555
4192,3390
4192,4216
4192,4193
4192,4194
4192,4195
4192,4196
4192,4197
4192,4198
4192,4199
4192,4200
4192,4201
4192,4202
4192,4203
4192,4204
4192,4205
4192,4206
4192,4207
4192,4208
4192,4209
4192,4210
4192,4211
4192,4212
4192,4213
4192,4214
4192,4215
4192,3952
4192,4217
4192,3962
4270,1027
4270,1029
4270,1031
4270,1032
4270,2953
4270,270
4270,189
4270,1437
4270,2345
4270,426
4270,4271
4270,4272
4270,4273
4270,4274
4270,4275
4270,1457
4270,4276
4270,4277
4270,4278
4270,4279
4270,4280
4270,4281
4270,4282
4270,4283
4270,4284
4270,4285
4270,1463
4270,4286
4270,4287
4270,4288
4270,1475
4270,4289
4270,1477
4270,1478
4270,1483
4270,1489
4270,1490
4270,477
4270,893
4290,4291
4290,4292
4293,3210
4293,396
4293,1807
4293,1759
4293,19
4293,285
4293,2461
4293,44
4293,189
4293,1987
4293,3140
4293,4294
4293,4295
4293,4296
4293,4297
4293,4298
4293,4299
4293,4300
4293,4301
4293,4302
4293,4303
4293,4304
4293,4305
4293,4306
4293,4307
4293,4308
4293,4309
4293,4310
4293,4311
4293,4312
4293,4313
4293,4314
4293,4315
4293,4316
4293,4317
4293,4318
4293,4319
4293,4320
4293,4321
4293,4322
4293,4323
4293,4324
4293,485
4293,4325
4293,4326
4293,1768
4293,4327
4293,4328
4293,4329
4293,4330
4331,4352
4331,4353
4331,4
4331,260
4331,2835
4331,1575
4331,434
4331,577
4331,4349
4331,4350
4331,362
4331,4346
4331,4332
4331,4333
4331,4334
4331,4335
4331,4336
4331,4337
4331,4338
4331,4339
4331,4340
4331,4341
4331,4342
4331,4343
4331,4344
4331,4345
4331,1658
4331,4347
4331,1660
4331,4348
4331,2174
4331,4351
4354,4355
4354,4356
4354,4357
4354,4358
4354,4359
4354,4360
4354,4361
4354,4362
4354,4363
4354,4364
4354,4365
4354,4366
4354,4367
4354,4368
4354,4369
4354,4370
4354,4371
4354,4372
4354,4373
4354,4374
4354,4375
4354,4376
4354,4377
4354,4378
4354,4379
4354,4380
4354,2205
4354,4381
4354,4382
4354,4383
4354,2849
4354,3750
4354,3773
4354,3774
4354,2885
4354,2517
4354,3062
4384,4385
4384,4386
4384,4387
4384,4388
4384,4389
4384,4390
4384,331
4384,4363
4384,1292
4384,1559
4391,4392
4391,4393
4394,814
4394,388
4394,1531
4394,2335
4394,805
4394,4395
4394,4396
4394,4397
4394,4398
4394,4399
4394,4400
4394,4401
4394,4402
4394,4403
4394,4404
4394,434
4394,4405
4394,4406
4394,4407
4394,569
4394,316
4394,455
4394,3957
4394,812
4394,813
4408,385
4408,526
4408,270
4408,534
4408,2335
4408,805
4408,4409
4408,4410
4408,4411
4408,4412
4408,4413
4408,4414
4408,4415
4408,4416
4408,4417
4408,4418
4408,4419
4408,4420
4408,4421
4408,4422
4408,4423
4408,4424
4408,4425
4408,4426
4408,4427
4408,4428
4408,4429
4408,4430
4408,4431
4408,4432
4408,4433
4408,4434
4408,4435
4408,4436
4408,4437
4408,4438
4408,4439
4408,4440
4408,4441
4408,4442
4408,4443
4408,4197
4408,3814
4408,620
4408,755
4444,4448
4444,4449
4444,4450
4444,4451
4444,4452
4444,4445
4444,4446
4444,4447
4453,388
4453,3242
4453,189
4453,837
4453,478
4453,4471
4453,353
4453,3555
4453,4454
4453,4455
4453,4456
4453,4457
4453,4458
4453,4459
4453,4460
4453,4461
4453,4462
4453,4463
4453,3433
4453,4464
4453,4465
4453,4466
4453,4467
4453,4468
4453,4469
4453,4470
4453,4472
4453,4473
4453,4474
4453,4475
4453,4476
4453,4477
4453,4478
4479,4480
4479,4481
4479,4482
4479,4483
4479,4484
4479,805
4479,4485
4479,4486
4479,4487
4479,4488
4479,3959
4489,386
4489,388
4489,4490
4489,4491
4489,4492
4489,4493
4489,4494
4489,4495
4489,4496
4489,4497
4489,4498
4489,4499
4489,4500
4489,4501
4489,4502
4489,4503
4489,2968
4489,4504
4489,4505
4489,802
4489,805
4489,1329
4489,835
4489,836
4489,455
4489,3400
4489,460
4489,3021
4489,1626
4489,3940
4506,382
4506,520
4506,3466
4506,2707
4506,1044
4506,1427
4506,2842
4506,1434
4506,4507
4506,4508
4506,4509
4506,4510
4506,4512
4506,4513
4506,4514
4506,4515
4506,4516
4506,4511
4506,4517
4506,4518
4506,4519
4506,4520
4506,2090
4506,4521
4506,4522
4506,4523
4506,4524
4506,4525
4506,4526
4506,4527
4506,4528
4506,4529
4506,4530
4506,4531
4506,4532
4506,4533
4506,4534
4506,1852
4506,2756
4506,3914
4506,2458
4506,465
4506,2587
4506,3433
4506,620
4506,2926
4506,4219
4506,1533
4506,1662
333,3978
333,2455
333,2076
333,2079
333,2092
333,4535
333,4536
333,1849
333,4537
333,4538
333,4539
333,4540
333,4541
333,4543
333,4544
333,4542
333,962
333,4545
333,4546
333,4547
333,4548
333,4549
333,4550
333,4551
333,4552
333,331
333,4553
333,4554
333,4555
333,335
333,4556
333,4557
333,4558
333,4559
333,4560
333,4561
333,4562
333,4563
333,4564
333,4565
333,4566
333,479
333,1635
333,1515
3952,388
3952,517
3952,1416
3952,530
3952,1433
3952,1442
3952,1443
3952,305
3952,1347
3952,204
3952,465
3952,4567
3952,4568
3952,4569
3952,4570
3952,4571
3952,4572
3952,4573
3952,478
3952,4574
3952,3954
3952,3955
3952,3958
3952,3959
3952,3960
3952,3961
3952,3962
4575,4576
4575,4577
4575,4578
4575,2592
4575,4579
4575,4580
4575,39
4575,2813
4581,4608
4581,4609
4581,4610
4581,4611
4581,1540
4581,4612
4581,4613
4581,1543
4581,4614
4581,4105
4581,4615
4581,4616
4581,4617
4581,4618
4581,4619
4581,4620
4581,4621
4581,4622
4581,4623
4581,4115
4581,4624
4581,4625
4581,4626
4581,4627
4581,4628
4581,4629
4581,4630
4581,4631
4581,4632
4581,4633
4581,4634
4581,4635
4581,4636
4581,4637
4581,4638
4581,4639
4581,4640
4581,4133
4581,4641
4581,4642
4581,4643
4581,4644
4581,4645
4581,4646
4581,4647
4581,4648
4581,4649
4581,4650
4581,161
4581,1701
4581,1707
4581,186
4581,200
4581,1242
4581,1271
4581,3344
4581,2915
4581,434
4581,4028
4581,3015
4581,4582
4581,4583
4581,4584
4581,4585
4581,4586
4581,4587
4581,4588
4581,4589
4581,4590
4581,4591
4581,4592
4581,4593
4581,4594
4581,4595
4581,4596
4581,4597
4581,4598
4581,4599
4581,4600
4581,4601
4581,4602
4581,4603
4581,4604
4581,4605
4581,4606
4581,4607
387,1445
387,4651
387,4652
387,4653
387,4654
387,4655
387,4656
387,4657
387,4658
387,4659
387,4660
387,4661
387,434
387,4662
387,4663
387,4664
387,4665
387,4666
387,4667
387,4668
387,1347
387,2633
387,2769
387,477
387,751
387,755
387,760
387,761
387,762
387,766
4669,1409
4669,258
4669,1412
4669,1292
4669,1963
4669,1711
4669,317
4669,4670
4669,4671
4669,4672
4669,4673
4669,4674
4669,4675
4669,4676
4669,4677
4669,4678
4669,4679
4669,4680
4669,4681
4669,4682
4669,4683
4669,1740
4669,1741
4669,4684
4669,4685
4669,336
4669,4686
4669,4687
4669,4688
4669,4689
4669,4690
4669,4691
4669,4692
4669,4693
4669,4694
4669,4695
4669,4696
4669,1385
4669,1727
4669,1650
4669,1658
4697,4698
4697,4699
4697,4700
4697,4701
4697,4702
4703,1409
4703,2827
4703,535
4703,1707
4703,1708
4703,1588
4703,1589
4703,4681
4703,1740
4703,1747
4703,4704
4703,4705
4703,4706
4703,4707
4703,4708
4703,4709
4703,4710
4703,4711
4703,4712
4703,4713
4703,4714
4703,4715
4703,4716
4703,4717
4703,4718
4703,4719
4703,4720
4703,4721
4703,4722
4703,4723
4703,4724
4703,2807
4703,4349
4725,4736
4725,4737
4725,4738
4725,4739
4725,4740
4725,4741
4725,4742
4725,1672
4725,1807
4725,276
4725,161
4725,1716
4725,331
4725,1651
4725,4726
4725,4727
4725,4728
4725,4729
4725,4730
4725,4731
4725,4732
4725,4733
4725,4734
4725,4735
4770,4771
4770,4772
4770,4773
4770,4774
4770,4775
4770,4776
4770,4777
4770,4778
4770,4779
4770,4780
4770,4781
4770,4782
4770,4783
4770,4784
4770,4785
4770,4786
4770,4787
4770,4788
4770,4789
4770,4790
4770,4791
4770,4792
4770,4793
4770,4794
4770,4795
4770,4796
4797,4800
4797,4801
4797,270
4797,2101
4797,1402
4797,475
4797,4798
4797,4799
4802,1027
4802,4812
4802,432
4802,819
4802,4803
4802,4804
4802,4805
4802,4806
4802,4807
4802,4808
4802,2889
4802,4809
4802,331
4802,332
4802,4810
4802,329
4802,335
4802,336
4802,337
4802,4811
4802,339
4802,334
4802,853
4802,341
4802,343
4802,344
4802,4547
4802,479
4802,485
4802,4730
4802,330
4813,3596
4813,4814
4813,4815
4813,4816
4813,4817
4813,4818
4813,4819
4813,4820
4813,4821
4813,4822
4813,4823
4813,4824
4813,4825
4813,4826
4813,4827
4813,4828
4813,4829
4813,4830
4813,4831
4813,4832
4813,4833
4813,4834
4813,4835
4813,4836
4813,4837
4813,4838
4839,260
4839,1291
4839,1292
4839,1553
4839,1716
4839,1726
4839,1729
4839,4840
4839,4841
4839,4842
4839,4843
4839,4844
4839,4845
4839,4846
4839,4847
4839,4848
4839,4849
4839,4850
4839,4851
4839,4852
4839,4215
4839,1658
2093,4864
2093,4865
2093,4866
2093,4867
2093,4868
2093,4869
2093,4870
2093,3210
2093,2186
2093,274
2093,2835
2093,531
2093,2078
2093,1954
2093,2088
2093,428
2093,1719
2093,567
2093,330
2093,1869
2093,1876
2093,1878
2093,860
2093,479
2093,2918
2093,3945
2093,3946
2093,3561
2093,4853
2093,4854
2093,4855
2093,4856
2093,4857
2093,4858
2093,4859
2093,4860
2093,4861
2093,4862
2093,4863
4878,389
4878,1292
4878,4879
4878,4880
4878,4881
4878,4882
4878,4883
4878,272
4878,4884
4878,4885
4878,4887
4878,4886
4878,4888
4878,4889
4878,4890
4878,4891
4878,4892
4878,4893
4878,4894
4878,4895
4878,550
4878,2602
4878,189
4878,1725
4878,1856
4878,2244
4878,1741
4878,3405
4878,4689
4878,4710
4878,2174
4896,388
4896,1541
4896,1543
4896,4121
4896,4897
4896,4898
4896,4899
4896,4900
4896,4901
4896,4902
4896,4903
4896,4904
4896,4905
4896,4906
4896,4907
4896,4908
4896,4909
4896,44
4896,4910
4896,4911
4896,4912
4896,434
4896,1713
4896,189
4896,1341
4896,1990
4896,805
4896,375
4913,4914
4913,4915
4913,4916
4913,4917
4913,4918
4913,4919
4913,4920
4913,3417
4921,4922
4921,4923
4921,4924
4921,4925
4921,4926
4921,4927
4921,4928
4921,4929
4921,4930
4921,4931
4921,4932
4921,4933
4921,4934
4921,4935
4921,4936
4921,4937
4921,4938
4921,4939
4921,4940
4921,4941
4921,4942
4921,4943
4944,1031
4944,1940
4944,4945
4944,4946
4944,4947
4944,4948
4944,4949
4944,4950
4944,4951
4944,3544
4944,4952
4944,4953
4944,4955
4944,4954
4944,4957
4944,4956
4944,4958
4944,4959
4944,4960
4944,4961
4944,4962
4944,4963
4944,4964
4944,4965
4944,4966
4944,488
4944,4967
4944,2531
4944,4968
4944,4969
4944,4970
4944,4971
4944,3837
4983,4992
4983,4993
4983,4994
4983,4995
4983,388
4983,4996
4983,1349
4983,204
4983,3761
4983,4984
4983,4985
4983,4986
4983,4987
4983,4988
4983,4989
4983,4990
4983,4991
4997,258
4997,4998
4997,4999
4997,5000
4997,5001
4997,41
4997,329
4997,2154
4997,3341
4997,5002
4997,1519
4997,4711
4997,5003
4997,1426
4997,3250
4997,4569
5019,5120
5019,1538
5019,1544
5019,11
5019,1040
5019,2587
5019,44
5019,4663
5019,4664
5019,3138
5019,3140
5019,4167
5019,3158
5019,5111
5019,5112
5019,5113
5019,130
5019,5114
5019,5115
5019,3209
5019,3210
5019,1697
5019,1698
5019,1701
5019,3750
5019,2763
5019,1742
5019,2771
5019,1242
5019,1760
5019,752
5019,754
5019,3827
5019,761
5019,2812
5019,3341
5019,3344
5019,2835
5019,805
5019,827
5019,1355
5019,1364
5019,4438
5019,388
5019,1420
5019,5020
5019,5021
5019,3998
5019,5022
5019,5023
5019,5024
5019,5025
5019,5026
5019,5027
5019,5028
5019,5029
5019,5030
5019,5031
5019,5032
5019,5033
5019,5034
5019,5035
5019,5036
5019,5037
5019,5038
5019,5039
5019,5040
5019,434
5019,5041
5019,5042
5019,5043
5019,5044
5019,5045
5019,5046
5019,5047
5019,5048
5019,5049
5019,5050
5019,5051
5019,5052
5019,5053
5019,5054
5019,5055
5019,5056
5019,5057
5019,963
5019,5058
5019,5059
5019,5060
5019,5061
5019,5062
5019,5063
5019,5064
5019,5065
5019,5066
5019,5067
5019,5068
5019,5069
5019,5070
5019,5071
5019,5072
5019,5073
5019,5074
5019,5075
5019,5076
5019,5077
5019,5078
5019,5079
5019,475
5019,5080
5019,5081
5019,5082
5019,5083
5019,5084
5019,5085
5019,5086
5019,5087
5019,5088
5019,5089
5019,5090
5019,5091
5019,5092
5019,5093
5019,5094
5019,5095
5019,5096
5019,5097
5019,5098
5019,5099
5019,3557
5019,5100
5019,5101
5019,5102
5019,5103
5019,5104
5019,5105
5019,5106
5019,5107
5019,5108
5019,5109
5019,5110
5019,5116
5019,5117
5019,5118
5019,5119
5121,5122
5121,5123
5121,5124
5121,5125
5121,5126
5121,5127
5121,5128
5121,329
5121,5129
5121,331
5121,5130
5121,5131
5121,5132
5121,4912
5121,1041
5121,4477
5121,1950
5133,780
5133,781
5133,5134
5133,5135
5133,5136
5133,5137
5133,5138
5133,5139
5133,5140
5133,5141
5133,5142
5133,5143
5133,5144
5133,5145
5133,5146
5133,5147
5133,789
5133,285
5133,5148
5133,5149
5133,5150
5133,1697
5133,802
5133,5151
5133,5152
5133,5153
5133,5154
5133,1575
5133,5155
5133,5156
5133,58
5133,12
5133,189
5133,1987
5133,331
5133,204
5133,221
5133,2154
5133,2174
5157,530
5157,5158
5157,5159
5157,5160
5157,5161
5157,5162
5157,5163
5157,5164
5157,5165
5157,5166
5157,5167
5157,5168
5157,5169
5157,5170
5157,5171
5157,5172
5157,5173
5157,5174
5157,5175
5157,5176
5157,5177
5157,5178
5157,5179
5157,5180
5157,5181
5157,1626
5157,3309
5182,404
5182,2845
5182,805
5182,683
5182,434
5182,5183
5182,5184
5182,5185
5182,5186
5182,5187
5182,5188
5182,5189
5182,5190
5182,5191
5182,5192
5182,329
5182,5193
5182,5194
5182,5195
5182,5196
5182,5197
5182,5198
5182,1737
5182,761
5199,5200
5199,5201
5199,5202
5199,5203
5199,5204
5199,5205
5199,5206
5199,5207
5199,5208
5199,5209
5199,5210
5199,5211
5199,5212
5199,5213
5199,5214
5199,5215
5199,5216
5199,5217
5199,5218
5199,5219
5199,5220
5199,5221
5199,5222
5199,5223
5199,5224
5199,5225
5199,5226
5199,5227
5199,5228
5199,5229
5199,5230
5199,5231
5199,5232
5199,5233
5199,5234
5235,5248
5235,5249
5235,5250
5235,5251
5235,5252
5235,5253
5235,5254
5235,5255
5235,5256
5235,5257
5235,5258
5235,5259
5235,5260
5235,5261
5235,5262
5235,5263
5235,5264
5235,5265
5235,786
5235,5266
5235,5267
5235,5268
5235,5269
5235,5270
5235,5271
5235,5272
5235,5273
5235,5274
5235,5275
5235,5276
5235,5277
5235,5278
5235,5279
5235,3256
5235,4155
5235,1514
5235,5236
5235,5237
5235,5238
5235,5239
5235,5240
5235,5241
5235,5242
5235,5243
5235,5244
5235,5245
5235,5246
5235,5247
2853,1027
2853,1029
2853,1031
2853,5280
2853,5281
2853,5282
2853,5283
2853,5284
2853,5285
2853,5286
2853,5030
2853,5287
2853,5288
2853,5289
2853,5290
2853,5291
2853,5292
2853,1457
2853,3774
2853,2797
2287,1028
2287,805
2287,1445
2287,1701
2287,5293
2287,5294
2287,5295
2287,5296
2287,5297
2287,5298
2287,5299
2287,5300
2287,5301
2287,5302
2287,5303
2287,5304
2287,5305
2287,5306
2287,5307
2287,5308
2287,5309
2287,5310
2287,456
2287,477
2287,754
2287,755
2287,761
5311,3743
5311,3749
5311,2853
5311,3752
5311,2858
5311,5312
5311,5313
5311,5314
5311,5315
5311,5316
5311,5317
5311,5318
5311,5319
5311,5320
5311,5321
5311,5322
5311,5323
5311,5324
5311,5325
5311,5326
5311,5327
5311,5328
5311,5329
5311,5330
5311,5331
5311,5332
5311,5333
5311,2154
5311,1388
1577,1027
1577,285
1577,423
1577,426
1577,817
1577,567
1577,189
1577,835
1577,838
1577,72
1577,329
1577,841
1577,842
1577,2768
1577,852
1577,212
1577,470
1577,5334
1577,5336
1577,5337
1577,5338
1577,5335
1577,5339
1577,5340
1577,5342
1577,5341
1577,5344
1577,5345
1577,5343
1577,5346
1577,5347
1577,3679
1577,362
5348,5368
5348,5369
5348,5370
5348,396
5348,270
5348,782
5348,5371
5348,3214
5348,3608
5348,285
5348,799
5348,800
5348,3106
5348,44
5348,58
5348,4307
5348,3675
5348,485
5348,5349
5348,5350
5348,488
5348,5351
5348,5352
5348,5353
5348,5354
5348,5355
5348,2030
5348,5356
5348,5357
5348,5358
5348,5359
5348,1771
5348,5360
5348,5361
5348,5362
5348,5363
5348,5364
5348,5365
5348,5366
5348,5367
5348,5372
5348,5373
5348,5374
5375,5376
5375,5377
5375,5378
5375,5379
5375,5380
5375,5381
5375,5382
5375,5383
5375,5384
5375,14
5375,3869
5375,285
5375,806
5375,41
5375,426
5375,1453
5375,2610
5375,2611
5375,53
5375,317
5375,329
5375,1355
5375,4299
5375,1490
5375,850
5375,470
5375,221
5375,3174
5375,1385
5375,2155
5388,388
5388,3972
5388,5389
5388,526
5388,5390
5388,5391
5388,5392
5388,5393
5388,5394
5388,5395
5388,5396
5388,5397
5388,5398
5388,5399
5388,5400
5388,5401
5388,5402
5388,5403
5388,5404
5388,5405
5388,5406
5388,5407
5388,2849
5388,5408
5388,2461
5388,5409
5388,5410
5388,5411
5388,5412
5388,44
5388,1453
5388,186
5388,3773
5388,3774
5388,204
5388,2512
5388,2770
5388,2771
5388,2772
5388,274
5388,2154
5420,1697
5420,1445
5420,5421
5420,5422
5420,5423
5420,5424
5420,5425
5420,5426
5420,3061
5427,1027
5427,1029
5427,1030
5427,1031
5427,18
5427,19
5427,1561
5427,1565
5427,2598
5427,2345
5427,1455
5427,5428
5427,5429
5427,5430
5427,1463
5427,5432
5427,5433
5427,5431
5427,5434
5427,5435
5427,5436
5427,4286
5427,4287
5427,5437
5427,5438
5427,189
5427,5439
5427,331
5427,1357
5427,3049
5427,893
5440,5382
5440,3763
5440,3902
5440,3135
5440,5440
5440,5441
5440,5442
5440,5443
5440,5444
5440,5445
5440,5446
5440,5447
5440,5448
5440,5449
5440,5450
5440,331
5440,5451
5440,329
5440,5452
5440,5453
5440,5454
5440,5455
5440,5456
5440,5457
5440,5458
5440,5459
5440,5460
5440,343
5440,1016
5440,1347
3705,388
3705,2335
3705,805
3705,817
3705,5461
3705,5462
3705,5463
3705,5464
3705,5465
3705,5466
3705,5467
3705,5468
3705,5469
3705,5470
3705,5471
3705,5472
3705,5473
3705,5474
3705,5475
3705,5476
3705,5477
3705,5478
3705,5479
3705,5480
3705,5481
3705,1388
3705,1528
2808,5482
5483,5504
5483,5505
5483,5506
5483,5507
5483,5508
5483,968
5483,2665
5483,2666
5483,5484
5483,5485
5483,5486
5483,5487
5483,5488
5483,5489
5483,5490
5483,5491
5483,5492
5483,5493
5483,5494
5483,5495
5483,5496
5483,5497
5483,5498
5483,5499
5483,5500
5483,5501
5483,5502
5483,5503
5509,384
5509,385
5509,388
5509,5510
5509,5511
5509,5512
5509,5513
5509,3465
5509,5514
5509,5515
5509,5516
5509,270
5509,5517
5509,5518
5509,5519
5509,530
5509,274
5509,5520
5509,3482
5509,3755
5509,5176
5509,329
5509,4812
5574,5632
5574,5633
5574,5634
5574,5635
5574,5636
5574,5637
5574,5638
5574,5639
5574,5640
5574,5641
5574,5642
5574,5643
5574,5644
5574,5645
5574,5646
5574,5647
5574,5648
5574,5649
5574,5650
5574,5651
5574,5652
5574,5653
5574,5654
5574,5655
5574,5656
5574,5657
5574,5658
5574,5659
5574,5660
5574,5661
5574,5662
5574,5663
5574,5664
5574,5665
5574,5666
5574,5667
5574,5668
5574,5669
5574,5670
5574,5671
5574,5672
5574,5673
5574,5674
5574,5675
5574,5676
5574,5677
5574,5166
5574,5678
5574,5679
5574,5680
5574,5681
5574,5682
5574,5683
5574,4081
5574,5684
5574,5685
5574,5686
5574,5687
5574,5688
5574,5689
5574,5690
5574,573
5574,5691
5574,5692
5574,5693
5574,5694
5574,5695
5574,5696
5574,5697
5574,5698
5574,5699
5574,5700
5574,5701
5574,5702
5574,5703
5574,5704
5574,5705
5574,5706
5574,5707
5574,5708
5574,5709
5574,530
5574,4222
5574,4605
5574,3309
5574,1268
5574,4858
5574,1278
5574,1282
5574,1285
5574,5391
5574,12
5574,353
5574,5502
5574,5504
5574,384
5574,2953
5574,3467
5574,3469
5574,3471
5574,1940
5574,1952
5574,5027
5574,434
5574,5575
5574,5576
5574,5577
5574,5578
5574,5579
5574,5580
5574,5581
5574,5582
5574,5583
5574,5584
5574,5585
5574,5586
5574,5587
5574,5588
5574,5589
5574,5590
5574,5591
5574,5592
5574,5593
5574,5594
5574,5595
5574,5596
5574,5597
5574,5598
5574,5599
5574,5600
5574,5601
5574,5602
5574,5603
5574,5604
5574,5605
5574,5606
5574,5607
5574,5608
5574,5609
5574,5610
5574,5611
5574,5612
5574,5613
5574,5614
5574,5615
5574,5616
5574,5617
5574,5618
5574,5619
5574,5620
5574,5621
5574,5622
5574,5623
5574,5624
5574,5625
5574,5626
5574,5627
5574,5628
5574,5629
5574,5630
5574,5631
5710,384
5710,270
5710,530
5710,670
5710,5711
5710,5712
5710,5713
5710,5714
5710,5715
5710,5716
5710,5717
5710,5718
5710,5719
5710,5720
5710,983
5710,5721
5710,1626
5710,5722
5710,5723
5710,5724
5710,5725
5710,5726
5710,5727
5710,5728
5710,5729
5710,3431
5710,3433
5730,5760
5730,5761
5730,5762
5730,5763
5730,5764
5730,5765
5730,5369
5730,5766
5730,5767
5730,5768
5730,5769
5730,529
5730,3104
5730,3105
5730,3106
5730,350
5730,5731
5730,5732
5730,5733
5730,5734
5730,5735
5730,5736
5730,5737
5730,5738
5730,5739
5730,5740
5730,5741
5730,5742
5730,5743
5730,5744
5730,5745
5730,5746
5730,5747
5730,5748
5730,5749
5730,5750
5730,5751
5730,5752
5730,5753
5730,5754
5730,5755
5730,5756
5730,5757
5730,5758
5730,5759
5770,5771
5770,5772
5770,5773
5770,5774
5770,5775
5770,5776
5770,5777
5770,5778
5770,5779
5770,5780
5770,5781
5770,5782
5770,5783
5770,5784
5770,5785
5770,5786
5770,5787
5770,2603
5770,1777
5770,1778
5788,388
5788,267
5788,11
5788,4622
5788,5393
5788,786
5788,30
5788,5789
5788,5790
5788,5791
5788,5792
5788,5793
5788,5794
5788,5795
5788,5796
5788,5797
5788,5798
5788,5799
5788,5800
5788,5801
5788,5034
5788,5802
5788,5803
5788,805
5788,5804
5788,5805
5788,5806
5788,41
5788,5807
5788,5808
5788,5809
5788,5810
5788,5811
5788,5812
5788,4664
5788,5813
5788,5814
5788,5307
5788,5815
5788,5816
5788,5817
5788,5818
5788,5819
5788,5820
5788,5821
5788,5822
5788,2751
5788,5823
5788,5824
5788,5063
5788,5825
5788,5826
5788,1355
5788,4436
5788,5078
5788,221
5788,1635
5788,754
5788,755
5788,3065
5788,4605
5827,258
5827,1411
5827,5764
5827,3208
5827,1416
5827,526
5827,531
5827,276
5827,155
5827,5539
5827,5828
5827,5829
5827,5830
5827,5831
5827,5832
5827,5833
5827,5834
5827,5835
5827,329
5827,5836
5827,5837
5827,5838
5827,5839
5827,5840
5827,5841
5827,5842
5827,5843
5827,2898
5827,5844
5827,5845
5827,5846
5827,5847
5827,5848
5827,5849
5827,5850
5827,221
5827,5851
5827,5852
5827,5853
5827,5854
5827,479
5827,5855
5827,5856
5827,5857
5827,1126
5827,3814
5827,5858
5827,5859
5827,5860
5827,5861
5827,504
5827,505
2030,384
2030,1282
2030,4326
2030,271
2030,4328
2030,531
2030,2076
2030,285
2030,2461
2030,189
2030,5696
2030,4294
2030,4295
2030,4302
2030,4308
2030,4309
2030,4316
2030,1759
2030,4320
2030,4321
2030,485
2030,5862
2030,5863
2030,5864
2030,5865
2030,5866
2030,5867
2030,5868
2030,5869
2030,5870
2030,5871
2030,5872
2030,5873
2030,5874
2030,5875
2030,5876
2030,5877
2030,5878
2030,5879
2030,5880
2030,5881
2030,5882
2030,383
5883,5888
5883,5889
5883,5890
5883,5891
5883,5892
5883,5893
5883,5894
5883,257
5883,5895
5883,5896
5883,382
5883,5897
5883,5898
5883,5899
5883,270
5883,5900
5883,5901
5883,5902
5883,5903
5883,5904
5883,276
5883,5905
5883,5906
5883,5907
5883,5908
5883,41
5883,567
5883,330
5883,1744
5883,3793
5883,213
5883,5884
5883,5885
5883,5886
5883,5887
329,5909
329,5910
329,5911
329,5912
329,5913
329,5914
329,5915
329,5916
329,5917
329,5918
329,5919
329,5920
329,4513
329,1698
329,1699
329,1701
329,1703
329,41
329,434
329,1462
329,4663
329,4664
329,1347
329,1355
329,477
329,1385
329,2539
329,375
5921,353
5921,5922
5921,3555
5921,5923
5921,388
5921,5924
5921,5925
5921,4467
5921,4468
5921,4469
5921,4470
5921,478
5926,1952
5926,5927
5926,5928
5926,5929
5926,5930
5926,5931
5926,5932
5926,5933
5926,5934
5926,5935
5926,5936
5926,5937
5926,5938
5926,5939
5926,5940
5926,5941
5926,5942
5926,5943
5926,5944
5926,5945
5926,5946
5926,5947
5926,5948
5926,5949
5926,5950
5926,5951
5926,5952
5926,5953
5926,5954
5926,5955
5926,5956
5926,5957
5926,5958
5926,5959
5926,5960
5926,5961
5926,5962
5926,5963
5926,5964
5926,5965
5966,384
5966,1416
5966,530
5966,805
5966,1343
5966,1857
5966,5967
5966,5968
5966,5969
5966,5970
5966,5971
5966,5972
5966,5973
5966,5974
5966,5975
5966,5976
5966,5977
5966,5978
5966,5979
5966,5980
5966,5981
5966,5982
5966,5983
5966,5984
5966,5985
5966,5986
5966,5987
5966,5988
5966,5989
5966,5990
5966,5991
5966,363
5966,2038
5966,5373
5992,6016
5992,6017
5992,6018
5992,6019
5992,6020
5992,6021
5992,6022
5992,6007
5992,5395
5992,2849
5992,2853
5992,3773
5992,3774
5992,329
5992,2517
5992,5993
5992,5994
5992,5995
5992,5996
5992,5997
5992,5998
5992,5999
5992,6000
5992,6001
5992,6002
5992,2154
5992,6003
5992,6004
5992,6005
5992,6006
5992,6008
5992,6009
5992,6010
5992,6011
5992,6012
5992,6013
5992,6014
5992,6015
6035,6048
6035,6049
6035,6050
6035,6051
6035,6036
6035,6037
6035,6038
6035,6039
6035,6040
6035,6041
6035,6042
6035,6043
6035,6044
6035,6045
6035,6046
6035,6047
6052,6053
6052,6054
6052,6055
6052,6056
6052,6057
6052,6058
6052,6059
220,1435
220,6060
220,6061
220,6062
220,6063
220,6064
220,6065
220,6066
220,6067
220,6068
220,6069
220,6070
220,6071
220,6072
220,6073
220,6074
220,6075
220,6076
220,6077
220,6078
220,6079
220,6080
220,6081
220,6082
220,6083
220,5444
220,6084
6085,2693
6085,3371
6085,6086
6085,6087
6085,6088
6085,6089
6085,6090
6085,6091
6085,6092
6085,6093
6085,6094
6085,6095
6085,6096
6085,81
6085,82
6085,6097
6085,6098
6085,6099
6085,6100
6085,6101
6085,6102
6085,6103
6085,6104
6085,6105
6085,6106
6085,6107
6085,6108
6085,6109
6085,6110
6085,6111
6085,6112
6085,6113
6114,6135
6114,6136
6114,478
6114,6115
6114,6116
6114,6117
6114,6118
6114,6119
6114,6120
6114,6121
6114,6122
6114,6123
6114,6124
6114,6125
6114,6126
6114,6127
6114,6128
6114,6129
6114,2418
6114,6130
6114,6131
6114,6132
6114,5494
6114,6133
6114,6134
6114,6137
6114,6138
6114,6139
6114,6140
6114,6141
6114,6142
6143,6144
6143,6145
6143,6146
6143,6147
6143,6148
6143,6149
6143,6150
6143,6151
6143,6152
6143,6153
6143,6154
6143,6155
6143,6156
6143,6157
6143,6158
6143,6159
6143,6160
6143,6161
6143,6162
6143,6163
6143,6164
6143,1439
6143,438
6143,2048
6143,331
6143,2763
6143,2923
6143,1650
6143,5372
